name,missing
"Adam Nguyen","scholarUrl; phdYear; undergradYear"
"Albert Nguyen","scholarUrl"
"Alex Van Huynh","scholarUrl; undergradYear"
"Alex-Thai Dinh Vo","portrait; scholarUrl"
"Alexandra Nguyen","scholarUrl; phdInstitution; phdYear"
"An Binh Nguyen","scholarUrl; phdInstitution; phdYear"
"An Dinh","scholarUrl; phdInstitution; phdYear"
"An H. Do","scholarUrl; phdYear; undergradYear; msYear"
"An Ngo-Huang","scholarUrl; phdInstitution; phdYear"
"An Nguyen","portrait; scholarUrl; phdYear"
"An Tran","scholarUrl; phdYear; undergradYear"
"An-My Le","scholarUrl; phdInstitution; phdYear"
"Andrew Nguyen","portrait; scholarUrl; phdInstitution; phdYear; mdYear"
"Andy I. Nguyen","scholarUrl; undergradYear"
"Andy Tran","scholarUrl; phdInstitution; phdYear"
"Andy V. Pham","scholarUrl"
"Angela-MinhTu D. Nguyen","scholarUrl; phdYear; undergradYear; msYear"
"Angela-Tu Nguyen","scholarUrl; phdInstitution; phdYear"
"Angelina Nguyen","scholarUrl; phdYear"
"Anh Le","scholarUrl"
"Anh Ngoc Tran","scholarUrl"
"Anh Nguyen - The University of Queensland","phdInstitution; phdYear"
"Anh Nguyen - University of Montana","undergradYear; msYear"
"Anh Nguyen-Tuong","portrait; scholarUrl; phdInstitution; phdYear"
"Anh Pham","scholarUrl; undergradYear; msYear"
"Anh Q. Tran","scholarUrl"
"Anh T. Bui","scholarUrl"
"Anh T. Tran","scholarUrl"
"Anh Totti Nguyen","undergradYear; msYear"
"Anh Tran","scholarUrl"
"Anh-Vu Phan","scholarUrl; phdYear; undergradYear; msYear"
"Anthony Le","scholarUrl; phdYear"
"Arthur Tran","scholarUrl; phdYear; undergradYear"
"Athena Nghiem","scholarUrl; phdYear"
"Aurora Le","scholarUrl"
"B. Audrey Nguyen","scholarUrl; phdYear; undergradYear; msYear"
"Bach Mai Dolly Nguyen","scholarUrl"
"Bao Nguyen","phdYear"
"Bau P. Tran","portrait; scholarUrl"
"Benjamin Nguyen","scholarUrl; phdInstitution; phdYear"
"Beth Nguyen","scholarUrl; phdInstitution; phdYear"
"Bich Ngoc Nguyen","scholarUrl; phdInstitution; phdYear"
"Bich-Ngoc Turner","scholarUrl; undergradYear"
"Billie Nguyen","portrait; scholarUrl; phdInstitution; phdYear"
"Binh Tran-Nam","scholarUrl"
"Boone Nguyen","scholarUrl; phdInstitution; phdYear; undergradYear; msYear"
"Brittany Huynh","scholarUrl; phdInstitution; phdYear"
"C. Thi Nguyen","scholarUrl; phdInstitution; phdYear"
"Cac Nguyen","scholarUrl; phdYear"
"Cao Le","scholarUrl; phdYear"
"Carol M. Huynh","scholarUrl; undergradYear; msYear"
"Caroline Cao","scholarUrl"
"Caroline Nguyen Ngoc","scholarUrl; phdInstitution; phdYear"
"Carolyn T. Dang","scholarUrl"
"Catherine H. Nguyen","scholarUrl; phdYear; undergradYear"
"Charles C. Nguyen","scholarUrl; phdInstitution; phdYear"
"Chau Pham","scholarUrl; phdInstitution; phdYear"
"Chi L. Nguyen","scholarUrl; phdYear; undergradYear"
"Chi Nguyen","phdYear"
"Chi Tran","scholarUrl"
"Chi Van Dang","scholarUrl"
"Chinh T. Hoang","portrait"
"Christine Nguyen - Northern Illinois University","scholarUrl"
"Christine Nguyen - University of Melbourne","phdInstitution; phdYear"
"Christopher Nguyen","scholarUrl; phdInstitution; phdYear"
"Christopher Paul Nguyen","scholarUrl; phdInstitution; phdYear"
"Christopher Pham","scholarUrl; phdYear"
"Cindy Anh Nguyen","scholarUrl"
"Clark T.-C. Nguyen","scholarUrl"
"Connie Kim Yen Nguyen-Truong","scholarUrl; phdYear"
"Cuc Nguyen","portrait"
"Cung Nguyen","portrait; scholarUrl; phdYear"
"Cuong Nguyen","scholarUrl; undergradYear"
"Cuong Nguyen - Massachusetts Institute of Technology","portrait; scholarUrl"
"Cuong Nguyen Le","portrait; scholarUrl"
"Dam Thanh Son","portrait; scholarUrl; phdInstitution; phdYear"
"Dan Hieu Vo","scholarUrl; phdYear"
"Dan Nguyen","scholarUrl"
"Dang Khoa Nguyen","scholarUrl; phdInstitution; phdYear"
"Dang T. Tran","portrait; scholarUrl; phdYear"
"Dang Thuy Tram","portrait; scholarUrl; phdYear; undergradYear; postdocYear"
"Danh V. Nguyen","scholarUrl; phdYear"
"Daniella Zalcman","portrait; scholarUrl; phdInstitution; phdYear"
"Dao M. Nguyen","portrait; scholarUrl; phdInstitution; phdYear"
"Dao Nguyen","scholarUrl; phdInstitution; phdYear"
"Dat Tran, S.J.","scholarUrl"
"Dennis Nguyen","phdYear"
"Diem M. Nguyen","scholarUrl"
"Diep Nguyen","scholarUrl"
"Dinh Tien-Cuong","scholarUrl"
"Dinh Van Huynh","scholarUrl; phdYear"
"Dinh-Liem Nguyen","scholarUrl"
"Dinh-Tuan Pham","portrait; scholarUrl"
"Diu-Huong Nguyen","scholarUrl"
"Doc Lap Tran","scholarUrl"
"Don Ta","scholarUrl"
"Don X. Nguyen","scholarUrl"
"Dong Nguyen - Durham University","phdInstitution; phdYear"
"Du Nguyen","scholarUrl"
"Duc-Huy Nguyen","scholarUrl"
"Duc-Manh Nguyen","portrait"
"Duc-Thang Vo","portrait; scholarUrl"
"Dung Phung","phdInstitution; phdYear; undergradYear"
"Dung Tran","portrait; scholarUrl"
"Dung Trung Nguyen","scholarUrl; phdInstitution; phdYear"
"Duong Bui","scholarUrl"
"Duong Hong Phong","portrait; scholarUrl"
"Duong Nguyen - Arizona State University","scholarUrl"
"Duong Nguyen - University of Wyoming","phdYear; postdocYear"
"Duy Duong-Tran","scholarUrl"
"Duy H. N. Nguyen","scholarUrl"
"Duy Lap Nguyen","scholarUrl; undergradYear"
"Duy Nguyen","phdYear; msYear"
"Duy Tan Nguyen","scholarUrl"
"Dzung L. Pham","portrait; scholarUrl; phdInstitution; phdYear"
"Elizabeth Nguyen","portrait; scholarUrl; phdInstitution; phdYear"
"Elizabeth Tran","scholarUrl; phdInstitution; phdYear"
"Emily Loan Pham","scholarUrl; phdYear"
"Emma Nguyen","scholarUrl"
"Giang Nguyen","phdYear"
"Giang Vu","scholarUrl; phdInstitution; phdYear"
"Giao Q. Tran","scholarUrl; undergradYear"
"H. Lan Thao Lam","scholarUrl; phdInstitution; phdYear"
"Ha Nguyen - California State University, Dominguez Hills","scholarUrl"
"Ha Nguyen - University of North Carolina at Chapel Hill","scholarUrl"
"Ha Nguyen - University of Washington","scholarUrl; phdInstitution; phdYear"
"Ha Ta","scholarUrl; phdYear"
"Hai Dang Nguyen - Nottingham Trent University","phdInstitution; phdYear"
"Hai Dang Nguyen - University of Minnesota","scholarUrl; undergradYear"
"Hai Minh Duong","portrait"
"Hai Nguyen","phdInstitution; phdYear"
"Hai Phan","scholarUrl"
"Hai T. Tran","scholarUrl; undergradYear"
"Hai Tran - DePaul University","scholarUrl; msYear"
"Hai Tran - Embry-Riddle Aeronautical University","phdYear; undergradYear"
"Hai Tran - Loyola Marymount University","scholarUrl; phdYear"
"Hai-Dung Do","portrait; scholarUrl; phdInstitution; phdYear"
"Hanh Huynh","scholarUrl; phdInstitution; phdYear"
"Hanh Lam","scholarUrl"
"Hanh-Phuc Le","scholarUrl"
"Hannah Nguyen","scholarUrl"
"Hannah-Hanh D. Nguyen","scholarUrl"
"Hau Nguyen","scholarUrl"
"Hau Pham","scholarUrl; phdInstitution; phdYear; mdYear"
"Helena Nguyen","phdYear"
"Henry T. Nguyen","phdInstitution; phdYear; undergradYear; msYear"
"Hien Duc Do","scholarUrl"
"Hien Nguyen","scholarUrl; phdYear"
"Hien Thi Thu Nguyen","portrait; scholarUrl"
"Hiep X. Nguyen","scholarUrl; phdYear"
"Hieu P. Nguyen","scholarUrl"
"Hieu P. T. Nguyen","scholarUrl; phdInstitution; phdYear"
"Hieu Phan","scholarUrl; phdYear"
"Hieu Phung","scholarUrl; phdYear"
"Hieu Tran","scholarUrl; phdYear"
"Hoa Nguyen - Australian National University","phdYear"
"Hoa Nguyen - Toronto Metropolitan University","scholarUrl; phdYear"
"Hoa Nguyen - University of New South Wales","scholarUrl"
"Hoa T.H. Nguyen","scholarUrl; undergradYear"
"Hoa Van Nguyen","portrait; scholarUrl"
"Hoa Vo","scholarUrl; phdYear; undergradYear"
"Hoang D. Nguyen","portrait; scholarUrl; phdInstitution; phdYear"
"Hoang Long Nguyen","phdYear"
"Hoang Nguyen - Heriot-Watt University","phdYear"
"Hoang Nguyen - University of Baltimore","scholarUrl; undergradYear; msYear"
"Hoang Nguyen - University of California, San Diego","scholarUrl; phdYear"
"Hoang Nguyen - Washburn University","scholarUrl; phdYear"
"Hoang Pham - Oregon State University","scholarUrl"
"Hoang Pham - Rutgers University","msYear"
"Hoang Thanh Van","portrait; scholarUrl; phdInstitution; phdYear"
"Hoang Van Pham","scholarUrl"
"Hoang-Phuong Phan","scholarUrl"
"Hop S. Tran Cao","scholarUrl; phdInstitution; phdYear"
"Hue-Tam Ho Tai","scholarUrl"
"Hung Dinh Nguyen","msYear"
"Hung Duong","scholarUrl; phdInstitution; phdYear"
"Hung Le - University of Massachusetts Amherst","undergradYear; postdocYear"
"Hung Le - University of Tennessee, Knoxville","scholarUrl; phdInstitution; phdYear"
"Hung Luu","scholarUrl; phdInstitution; phdYear"
"Hung M. Nguyen","scholarUrl; phdInstitution; phdYear"
"Hung Minh Tan Nguyen","postdocYear"
"Hung Nguyen - University of Akron","scholarUrl; phdInstitution; phdYear"
"Hung T. Luyen","scholarUrl"
"Hung Tran - Texas Tech University","scholarUrl"
"Hung Tran - University of South Florida","scholarUrl; phdInstitution; phdYear"
"Huong Nguyen - McGill University","scholarUrl; undergradYear"
"Huong Nguyen - University of Minnesota","scholarUrl"
"Huy Le Nguyen","undergradYear"
"Huy M. Dao","undergradYear"
"Huy Nguyen - Montclair State University","scholarUrl; phdYear"
"Huy Nguyen - University of Missouri","scholarUrl; phdYear; undergradYear; msYear"
"Huy T. Tran","scholarUrl"
"Huyen C. Nguyen","portrait; scholarUrl"
"Huyen Nguyen - Kansas State University","portrait; scholarUrl"
"Huyen Nguyen - King's College London","portrait"
"Huyen Pham - École Polytechnique","portrait; scholarUrl; phdInstitution; phdYear"
"Huyen Pham - Texas A&M University","phdInstitution; phdYear"
"Huyen Q. Pham","portrait; scholarUrl; phdInstitution; phdYear; mdYear"
"Huyen Tran","portrait; scholarUrl; phdInstitution; phdYear"
"Hy Huynh","scholarUrl; phdInstitution; phdYear"
"Isabelle Thuy Pelaud","scholarUrl; phdYear; undergradYear"
"Jacqueline Huynh","scholarUrl"
"Jane X. Luu","scholarUrl"
"Jason Nguyen","scholarUrl; phdInstitution; phdYear"
"Jean Tran Thanh Van","scholarUrl; phdInstitution; phdYear"
"Jennifer Nguyen","scholarUrl; phdYear"
"Jeremy Binh Nguyen","scholarUrl; phdInstitution; phdYear"
"Johanna Tran","scholarUrl; phdInstitution; phdYear"
"John Bui","scholarUrl; phdInstitution; phdYear"
"John Phan","scholarUrl"
"John Tran","scholarUrl; phdYear"
"Jonathan Tran","scholarUrl; undergradYear"
"Josef Nguyen","scholarUrl"
"Juily Iyn Vo Phun","scholarUrl; phdYear"
"Juliane Nguyen","scholarUrl"
"Julie Ngo","portrait; scholarUrl"
"Juliet Huynh","scholarUrl"
"Justin Tran","portrait; scholarUrl"
"Kelly Nguyen","scholarUrl; phdInstitution; phdYear"
"Keva X. Bui","scholarUrl; phdInstitution; phdYear"
"Kevin Duong","scholarUrl; phdYear"
"Kevin Lam","scholarUrl; phdYear; undergradYear"
"Kevin Pham","scholarUrl"
"Khang Tran","scholarUrl; phdYear; undergradYear"
"Khanh Le","scholarUrl"
"Khanh P. Nguyen","scholarUrl; phdInstitution; phdYear"
"Khanh-Hoa Tran-Ba","scholarUrl; phdYear; undergradYear"
"Khiem Pham-Nguyen","scholarUrl; phdInstitution; phdYear"
"Khiem T. Tran","scholarUrl"
"Khoa A. Nguyen","scholarUrl; phdInstitution; phdYear"
"Khoa Luu","phdYear"
"Khoa Nguyen","scholarUrl; phdInstitution; phdYear"
"Khoa Tran","scholarUrl; phdInstitution; phdYear"
"Khuong An Nguyen","undergradYear"
"Kieu-Trang Nguyen","phdInstitution; phdYear"
"Kim Chi Nguyen","scholarUrl; phdInstitution; phdYear"
"Kim Nguyen","portrait; scholarUrl"
"Kim Nguyen - University of Sheffield","scholarUrl; phdYear"
"Kim-Anh Do","undergradYear"
"Kim-Doang Nguyen","scholarUrl; phdYear"
"Kim-Phuong Le","scholarUrl; phdInstitution; phdYear"
"Kimberly Kay Hoang","msYear"
"Kinh T. Vu","scholarUrl; phdYear"
"Kytai Nguyen","undergradInstitution"
"Lahn Nguyen","scholarUrl; phdInstitution; phdYear"
"Lam D. Pham","scholarUrl"
"Lan Anh N. Ton","scholarUrl"
"Lan Bui","scholarUrl; phdInstitution; phdYear"
"Lan Cao","scholarUrl; phdInstitution; phdYear"
"Lan Chi Nguyen","scholarUrl; phdInstitution; phdYear; msYear"
"Lan Duong","scholarUrl; phdInstitution; phdYear"
"Lan Ngo","scholarUrl; phdYear; msYear"
"Lan Nguyen","undergradYear"
"Lan Nguyen Chaplin","scholarUrl; phdYear"
"Lan Tran","scholarUrl; phdYear"
"Leanna Rubio","scholarUrl; phdInstitution; phdYear; undergradYear; msYear"
"Lesa Tran Lu","portrait; scholarUrl"
"Li Nguyen","phdYear"
"Liem Nguyen - Case Western Reserve University","portrait; scholarUrl; phdInstitution; phdYear"
"Liem Nguyen - Westfield State University","scholarUrl; phdYear; undergradYear"
"Liem Thanh Tran","scholarUrl"
"Lien T. Nguyen","scholarUrl; phdYear"
"Lien-Hang T. Nguyen","scholarUrl"
"Lily H. P. Nguyen","scholarUrl; phdInstitution; phdYear"
"Lily Hoang","scholarUrl; phdInstitution; phdYear"
"Linda Nguyen - Seattle University","scholarUrl; phdYear; undergradYear"
"Linda Nguyen - University of Florida","scholarUrl"
"Linda Trinh Vo","scholarUrl; phdYear"
"Linh Hoai Nguyen","phdYear"
"Linh Huynh","scholarUrl"
"Linh K. Nguyen","scholarUrl; phdYear"
"Linh Ngo","scholarUrl"
"Linh Nguyen","portrait; phdInstitution; phdYear"
"Linh Thuy Nguyen","scholarUrl; phdYear; undergradYear"
"Linh Tran","scholarUrl; phdInstitution; phdYear"
"Linh Tran-Dieu","phdInstitution; phdYear"
"Linh Vu","scholarUrl; phdYear; undergradYear"
"Lisa Tran","scholarUrl; phdYear; undergradYear"
"Loan Bui","scholarUrl"
"Loan Dao","scholarUrl; phdYear"
"Loan K. Le","scholarUrl; phdYear"
"Loi A. Nguyen","scholarUrl; phdYear"
"Long D. Tran","scholarUrl; phdInstitution; phdYear"
"Long Duy Nguyen","scholarUrl; phdYear; undergradYear; msYear"
"Long Pham","scholarUrl"
"Long T. Bui","scholarUrl"
"Long Thai Bui","scholarUrl; msYear"
"Luan Hoang","scholarUrl"
"Mai Dao","scholarUrl; phdYear; undergradYear; msYear"
"Mai Do","scholarUrl; phdYear"
"Mai Ngo","scholarUrl"
"Mai Nguyen - Manchester Metropolitan University","msYear"
"Mai Nguyen - University of Minnesota","scholarUrl; phdInstitution; phdYear"
"Mai Thi Nguyen","scholarUrl"
"Mai Van Tran","scholarUrl; phdYear"
"Mai-Nhung Le","scholarUrl; phdInstitution; phdYear; undergradYear"
"Margaret Nguyen","portrait; scholarUrl; phdInstitution; phdYear"
"Mariam B. Lam","scholarUrl; phdYear"
"Martino Tran","scholarUrl; phdYear"
"Matthew Bui","scholarUrl; phdYear; undergradYear; msYear"
"Maya Nguyen","scholarUrl; phdInstitution; phdYear; undergradYear"
"Melanie N. Truong Le","scholarUrl; phdInstitution; phdYear; undergradYear"
"Michael Dao","portrait; scholarUrl; phdYear; undergradYear; msYear"
"Michel Tuan Pham","scholarUrl"
"Michelle Tram Nguyen","scholarUrl; phdYear"
"Mike Hoa Nguyen","scholarUrl"
"Mimi Thi Nguyen","scholarUrl; phdYear; undergradYear"
"Minh Cuong Ha","scholarUrl; phdInstitution; phdYear"
"Minh Dang Nguyen","scholarUrl; undergradYear; msYear"
"Minh Pham","scholarUrl"
"Minh Quang Tran","scholarUrl"
"Minh Vo","portrait; scholarUrl; phdYear"
"Minh X. Nguyen","scholarUrl; phdYear"
"Minh-Ha Tran","portrait; scholarUrl; phdInstitution; phdYear"
"Minh-Hiên Lê","scholarUrl; phdYear"
"Minh-Huy L. Huynh","scholarUrl"
"Minhhuyen T. Nguyen","scholarUrl; phdInstitution; phdYear"
"Minhtri Khac Nguyen","portrait; scholarUrl; phdInstitution; phdYear; undergradYear"
"My Nguyen","portrait; scholarUrl"
"My-Van Tran","portrait; scholarUrl; phdYear"
"Mylinh Nguyen","scholarUrl"
"Mylinh T. Nguyen","portrait; scholarUrl; phdInstitution; phdYear; mdYear"
"Nam D. Tran","scholarUrl; phdInstitution; phdYear"
"Nam Nguyen","undergradInstitution"
"Nam T. Dinh","phdInstitution; phdYear"
"Nam T. Vu","scholarUrl"
"Nam-Tien Duong","scholarUrl; phdYear"
"Natalia Duong","scholarUrl; phdInstitution; phdYear; undergradYear"
"Natalie (Nhung) Le","scholarUrl; phdInstitution; phdYear"
"Natalie A. Tran","scholarUrl; phdYear"
"Nga Ho-Dac","scholarUrl; phdYear"
"Nga Nguyen - California State University, Fullerton","scholarUrl; phdYear"
"Nga Nguyen - University of Wyoming","scholarUrl"
"Nga Pham","undergradYear"
"Nga Q. Nguyen","scholarUrl"
"Ngan Nguyen","scholarUrl; phdYear; undergradYear; msYear"
"Nghi H. Tran","scholarUrl; phdInstitution; phdYear"
"Nghi Nhan Nguyen","portrait; scholarUrl; phdYear"
"Nghia Tran","portrait; scholarUrl; phdInstitution; phdYear"
"Nghiem Q. Huynh","scholarUrl"
"Ngoc Bui - University of La Verne","scholarUrl; phdInstitution; phdYear"
"Ngoc Bui - University of Oklahoma","undergradYear; msYear"
"Ngoc Hân Nguyen","phdInstitution; phdYear"
"Ngoc Nguyen - Yale University","portrait; scholarUrl"
"Ngoc Son Bui","phdYear"
"Ngoc Thang Vu","msYear"
"Ngoc Tran","scholarUrl"
"Ngoc-Mai Nguyen","scholarUrl; phdYear; undergradYear"
"Nguyen Bac Dang","phdInstitution; phdYear"
"Nguyen Ho","scholarUrl; phdYear; undergradYear; msYear"
"Nguyen Khoi Nguyen","scholarUrl; phdInstitution; phdYear"
"Nguyen Nguyen","scholarUrl; phdYear; undergradYear"
"Nguyen P. Nguyen","scholarUrl; phdInstitution; phdYear"
"Nguyen Pham","scholarUrl; phdYear; undergradYear"
"Nguyen Phan","scholarUrl; phdYear; msYear"
"Nguyen T. K. Thanh","portrait; scholarUrl; phdInstitution; phdYear"
"Nguyen Thanh Phuc","portrait; scholarUrl"
"Nguyen Tien Hung","portrait; scholarUrl; phdInstitution; phdYear"
"Nguyen Viet Dang","portrait"
"Nguyen-Truc-Dao Nguyen","scholarUrl"
"Nhan Phan-Thien","portrait"
"Nhat Truong Nguyen","scholarUrl; phdInstitution; phdYear"
"Nhu Nguyen - University of Hawaiʻi at Mānoa","scholarUrl; phdYear; undergradYear"
"Nhu Nguyen - University of Rhode Island","scholarUrl; undergradInstitution"
"Nhung Nguyen","scholarUrl; phdYear; msYear"
"Nhung Tuyet Tran","scholarUrl; phdYear"
"Nhut Tan Ho","scholarUrl"
"Nicholas Q. Tran","scholarUrl; phdYear; undergradYear"
"Ninh Dang Pham","portrait; scholarUrl"
"Ninh Tuan Nguyen","scholarUrl; phdInstitution; phdYear"
"Nu-Anh Tran","scholarUrl; phdYear"
"Ocean Vuong","portrait; scholarUrl; phdInstitution; phdYear"
"Patricia Nguyen","scholarUrl; phdInstitution; phdYear"
"Patrick Nguyen","portrait; scholarUrl; phdInstitution; phdYear"
"Paul Anh Tran-Hoang","scholarUrl"
"Paul Duong Tran","portrait; scholarUrl; phdYear"
"Peter Nguyen","scholarUrl"
"Peter V. Nguyen","scholarUrl; phdYear"
"Pham Huu Tiep","portrait; scholarUrl; phdInstitution; phdYear"
"Phat Vu","scholarUrl"
"Phi H. Su","scholarUrl; phdYear"
"Phong Thai","phdYear"
"Phu Tran","portrait; scholarUrl; phdYear"
"Phung Dao","portrait"
"Phung Huynh","scholarUrl; phdInstitution; phdYear"
"Phung Lai","scholarUrl; phdYear; undergradYear; msYear"
"Phuoc Pham","phdYear; undergradYear"
"Phuoc T. Tran","scholarUrl"
"Phuong Anh Nguyen","scholarUrl"
"Phuong Chung Nguyen","scholarUrl; phdInstitution; phdYear; undergradYear; msYear"
"Phuong D. Nguyen","portrait; scholarUrl; phdInstitution; phdYear; mdYear"
"Phuong Ngo","scholarUrl; phdYear"
"Phuong Nguyen","scholarUrl"
"Phuong Tra Tran","scholarUrl"
"Phuong V. Pham","portrait; scholarUrl; phdInstitution; phdYear"
"Phuong-Anh Nguyen","portrait; scholarUrl; phdYear"
"Phuongthao Dinh Le","scholarUrl; phdYear; undergradYear; msYear"
"Pipo Nguyen-duy","portrait; scholarUrl; phdInstitution; phdYear"
"Quan Dong Nguyen","scholarUrl; phdInstitution; phdYear"
"Quan Nguyen","scholarUrl"
"Quan Tran","scholarUrl; phdYear"
"Quang Ngoc Vinh Tran","scholarUrl; phdInstitution; phdYear"
"Quang Phu Van","scholarUrl"
"Quang Thai Truong","portrait; scholarUrl; phdYear"
"Quang Vuong","scholarUrl"
"Que-Lam Huynh","scholarUrl"
"Qui-Phiet Tran","scholarUrl; phdYear"
"Quinn Nguyen","portrait; scholarUrl; phdYear"
"Quoc H. Nguyen","scholarUrl"
"Quoc-Anh Do","phdYear"
"Quoc-Nghi Pham","portrait; phdInstitution; phdYear"
"Quoc-Thai Pham","scholarUrl; phdYear"
"Quoc-Viet Dang","portrait; scholarUrl; phdInstitution; phdYear"
"Quy Nguyen Huy","portrait; scholarUrl; phdInstitution; phdYear"
"Quyen Di Chuc Bui","scholarUrl; phdInstitution; phdYear"
"Quyen Nguyen","phdInstitution; phdYear"
"Quyen Nguyen - Brunel University London","scholarUrl"
"Quynh A. Truong","scholarUrl; phdInstitution; phdYear; undergradYear"
"Quynh Nguyen","undergradYear"
"Quynh Nhu Le","scholarUrl; phdYear; undergradYear"
"Quynh-Nhu Nguyen","scholarUrl; phdInstitution; phdYear"
"Quynh-Thu Le","scholarUrl; phdInstitution; phdYear"
"Raymond S. Tu","scholarUrl"
"Ruby Nguyen","scholarUrl; phdInstitution; phdYear; undergradInstitution"
"Ruby-Ngoc Nhu Nguyen","scholarUrl"
"Sang Dinh Tran","scholarUrl"
"Son Ca Lam","scholarUrl; phdYear"
"Son Phan Lam Tran","scholarUrl"
"Son Thanh Dam","scholarUrl"
"Suong Nguyen","scholarUrl"
"Sydney Pham","scholarUrl; phdInstitution; phdYear"
"T. Hoang Nguyen","scholarUrl; phdYear"
"T. Kim-Trang Tran","scholarUrl; phdInstitution; phdYear"
"T. Minh-ha Trinh","scholarUrl"
"Taihung Duong","scholarUrl; phdInstitution; phdYear"
"Tam Le","scholarUrl"
"Tam Nguyen - Nottingham Trent University","phdInstitution; phdYear"
"Tam Nguyen - University of Maryland, College Park","scholarUrl"
"Tam Vu","phdYear"
"Tan Minh Nguyen","portrait; scholarUrl; postdocYear"
"Tan Van Nguyen","scholarUrl; phdYear"
"Teresa Phuongtram Nguyen","portrait; scholarUrl; phdInstitution; phdYear"
"Teri Hong-Phuc Nguyen","portrait; scholarUrl; phdInstitution; phdYear"
"Thach Nguyen","scholarUrl; phdYear"
"Thai Luan Vu","scholarUrl"
"Thai Nhan","scholarUrl; phdYear"
"Thai-Hoang Pham","scholarUrl"
"Thang N. Bui","scholarUrl; undergradYear"
"Thang N. Dao","scholarUrl"
"Thanh (Hans) Nguyen","scholarUrl"
"Thanh Binh Nguyen","scholarUrl; phdInstitution; phdYear"
"Thanh Cong Le","scholarUrl"
"Thanh D. Nguyen","scholarUrl"
"Thanh Dat Le","scholarUrl; phdYear"
"Thanh Hong Nguyen","msYear"
"Thanh N. Nguyen","scholarUrl; phdInstitution; phdYear; mdYear"
"Thanh N. Truong","scholarUrl"
"Thanh Nguyen - California State University, Fullerton","portrait; scholarUrl; phdYear"
"Thanh Nguyen - Purdue University","scholarUrl; phdYear; undergradYear; msYear"
"Thanh Nguyen (Thanh Nguyen-Tang)","scholarUrl; phdInstitution; phdYear"
"Thanh Thai Nguyen","scholarUrl"
"Thanh Tran","scholarUrl"
"Thao (Vicky) Nguyen","portrait"
"Thao Bui","scholarUrl; phdYear"
"Thao L. Nguyen","portrait; scholarUrl; phdInstitution; phdYear"
"Thao Ngoc Nguyen","phdInstitution"
"Thao Nguyen - Haverford College","scholarUrl"
"Thao P. Bui","scholarUrl; phdInstitution; phdYear; undergradYear"
"Thao T. Dang","portrait; scholarUrl"
"Thao Tran","scholarUrl; phdYear"
"The Nguyen","scholarUrl"
"Thi Hong Diep Dao","scholarUrl"
"Thi Nguyet Minh Le","phdYear"
"Thi Qui Nguyen","portrait"
"Thi Thu Trang Do","phdInstitution; phdYear"
"Thi Thuy Minh Nguyen","portrait; scholarUrl; phdInstitution; phdYear"
"Thi Tran","phdYear; undergradYear; msYear"
"Thi Viet Ha Nguyen","scholarUrl"
"Thi-Mai-Trang Nguyen","scholarUrl"
"Thi-Nham Le","portrait; phdYear"
"Thi-Phuong Nguyen","portrait; scholarUrl; phdYear"
"Thien Dong","scholarUrl; phdYear; msYear"
"Thien Huu Nguyen","postdocYear"
"Thieu Ngoc Vo","portrait; scholarUrl; msYear"
"Thinh Nguyen - Oregon State University","undergradYear"
"Thinh Nguyen - University of Florida","scholarUrl; phdInstitution; phdYear"
"Tho Nguyen","scholarUrl; phdInstitution; phdYear"
"Tho Pham","scholarUrl"
"Thomas T. Nguyen","scholarUrl; phdInstitution; phdYear; undergradInstitution; msYear"
"Thu Dung Doan","scholarUrl; phdYear"
"Thu Elizabeth Duong","scholarUrl; phdInstitution; phdYear"
"Thu Nguyen","scholarUrl; phdYear"
"Thu Thi Xuan Nguyen","scholarUrl; undergradYear"
"Thu-Ba Nguyen Hoai","scholarUrl; undergradInstitution"
"Thu-Huong Nguyen-Vo","scholarUrl; phdYear; msYear"
"Thuan L. Nguyen","scholarUrl"
"Thuan Nguyen","scholarUrl"
"Thuan Nguyen - University of North Texas","portrait; scholarUrl; phdInstitution; phdYear"
"Thuy D. Nguyen","scholarUrl"
"Thuy D. Tranviet","scholarUrl"
"Thuy Dao","scholarUrl"
"Thuy Linh Nguyen","scholarUrl; phdYear"
"Thuy Linh Nguyen Tu","scholarUrl; phdInstitution; phdYear"
"Thuy Nguyen","phdInstitution; phdYear"
"Thuy T. Le","scholarUrl; undergradYear; msYear"
"Thuy Tran","phdYear"
"Thuy Vo Dang","scholarUrl; phdYear; undergradYear"
"Thuy-Kim Le","scholarUrl; phdInstitution; phdYear"
"Thy N. Huynh","scholarUrl; phdInstitution; phdYear; undergradYear"
"Thy Phu","scholarUrl"
"Tien Mai","msYear"
"Tien Nguyen","phdYear"
"Tien Zung Nguyen","portrait"
"Tiffany D. Do","undergradYear; msYear"
"Tim Nguyen","scholarUrl; phdYear"
"Timothea Vo","phdYear; undergradYear; msYear"
"Tin Nguyen - University of Nebraska Omaha","scholarUrl; phdYear; undergradYear; msYear"
"Tin Nguyen - Wayne State University","undergradYear; msYear"
"Tina I. Bui-Bullock","scholarUrl"
"Toan T. Nguyen","undergradYear"
"Toan Thang Phan","scholarUrl"
"Tomas Vu-Daniel","scholarUrl; phdInstitution; phdYear"
"Trai Le","scholarUrl"
"Tran Anh Tuan","portrait; scholarUrl; phdInstitution; phdYear"
"Tran B. Nguyen","scholarUrl"
"Tran Duc Le","scholarUrl; phdYear; msYear"
"Trân Huỳnh","scholarUrl"
"Tran N. H. Nguyen","scholarUrl"
"Tran Nguyen","portrait; scholarUrl; phdInstitution; phdYear"
"Tran Nguyen Le","portrait; scholarUrl"
"Tran Thanh Nhat Trung","scholarUrl; phdYear"
"Tran Van Tho","portrait; scholarUrl; phdYear"
"Trang (Mae) Nguyen","scholarUrl; phdInstitution; phdYear"
"Trang Bui","scholarUrl"
"Trang Huynh","scholarUrl; phdInstitution; phdYear"
"Trang Nguyen - University at Albany","scholarUrl; phdInstitution; phdYear"
"Trang P. Tran","scholarUrl; phdYear"
"Trang T.H. Nguyen","portrait; phdYear"
"Trang Vu","scholarUrl"
"Trent Nguyen","portrait; scholarUrl; phdInstitution; phdYear"
"Tri Dao","undergradYear; msYear"
"Tri Lai","scholarUrl"
"Tri Nguyen-Quang","portrait; scholarUrl; phdYear; undergradYear; msYear"
"Trien Nguyen","scholarUrl; phdInstitution; phdYear"
"Triet Pham","scholarUrl; phdInstitution; phdYear"
"Trinh Pham","scholarUrl; undergradYear"
"Trong Nguyen","scholarUrl; phdYear; undergradYear"
"Trong-Nghia Le","phdInstitution; phdYear"
"Tru Cao","scholarUrl"
"Trung L. Nguyen","scholarUrl; phdYear"
"Trung Le - North Dakota State University","scholarUrl; undergradYear"
"Trung Nguyen","scholarUrl; phdInstitution; phdYear"
"Truong Duong","scholarUrl"
"Truong Hoang","phdYear"
"Truong Nghiem","msYear"
"Truong Tran","scholarUrl; phdInstitution; phdYear"
"Truong X. Tran","phdYear"
"Truong-Son Hy","postdocYear"
"Truong-Thao Nguyen","scholarUrl"
"Truyen D. Nguyen","scholarUrl; phdYear; undergradYear"
"Truyen Tran","portrait; scholarUrl"
"Tu Anh Huynh","scholarUrl; phdYear"
"Tu Nguyen - University of Waterloo","scholarUrl; phdYear; undergradYear"
"Tu-Uyen Nguyen","scholarUrl; phdYear"
"Tuan A. Le","scholarUrl; phdInstitution; phdYear"
"Tuan Anh Nguyen","portrait; scholarUrl; phdYear"
"Tuan D. Nguyen","scholarUrl; phdYear; undergradYear; msYear"
"Tuan Hoang","scholarUrl"
"Tuan Le","msYear; postdocYear"
"Tuan M. Nguyen","portrait; scholarUrl; phdInstitution; phdYear"
"Tuan Pham","scholarUrl; undergradInstitution"
"Tuan T. Nguyen","phdYear"
"Tuan Tran - California Northstate University","scholarUrl"
"Tuan Tran - East Carolina University","scholarUrl; phdYear; undergradYear"
"Tuan Trang","scholarUrl; phdInstitution; phdYear; msYear"
"Tuan Vu","scholarUrl; phdInstitution; phdYear"
"Tung Nguyen","scholarUrl; phdInstitution; phdYear"
"Tung X. Bui","scholarUrl; phdYear; msYear"
"Tuong Vi Ho","scholarUrl; phdInstitution; phdYear"
"Tuong Vi Nguyen","scholarUrl; phdInstitution; phdYear"
"Tuong Vu","scholarUrl; phdYear; undergradYear"
"Tuyen (Tom) Nguyen","scholarUrl; phdInstitution; phdYear"
"Uy Nguyen","portrait; scholarUrl; phdYear"
"Uyen L. Tran","portrait; scholarUrl; phdInstitution; phdYear; undergradYear; mdYear"
"Uyen Minh Le","scholarUrl; phdYear"
"Uyen Tran","scholarUrl"
"Van C. Tran","scholarUrl"
"Van H. Vu","scholarUrl; phdInstitution; phdYear"
"Van Hellerslia","portrait; scholarUrl; phdInstitution; phdYear"
"Van-Linh Nguyen","portrait"
"Van-Phung Mai","portrait; phdYear"
"Vicky Doan-Nguyen","scholarUrl"
"Victoria Huynh","scholarUrl; phdInstitution; phdYear"
"Victoria Tran","portrait"
"Viet Hoang Nguyen","phdInstitution; phdYear"
"Viet Hung Nguyen","portrait; scholarUrl"
"Viet Khoa Tran Nguyen","msYear"
"Viet Le","portrait; scholarUrl"
"Viet Quoc Pham","portrait; scholarUrl"
"Viet Thanh Nguyen","scholarUrl"
"Viet Tuan Pham","portrait; scholarUrl; phdYear"
"Viet-Huong Nguyen","scholarUrl; phdInstitution; phdYear; undergradYear"
"Vincent Nguyen","scholarUrl; phdInstitution; phdYear"
"Vinh Dao","phdYear"
"Vinh Nguyen - Michigan Technological University","phdYear"
"Vinh Nguyen - University of Waterloo","scholarUrl"
"Vinh Q. Nguyen - Virginia Tech","scholarUrl; phdYear"
"Virginia Huynh","scholarUrl"
"Vivian Nguyen","scholarUrl; phdInstitution; phdYear"
"VP (Phuc) Nguyen","phdYear"
"Vu Dang La","portrait; scholarUrl; phdInstitution; phdYear"
"Vu Q. Nguyen - University of Alabama at Birmingham","scholarUrl; phdInstitution; phdYear"
"Vu Q. Nguyen - University of California, San Diego","scholarUrl"
"Vu Tran","scholarUrl"
"Vu Trinh","portrait"
"Vuong Phan","scholarUrl"
"Vuvi H. Nguyen","scholarUrl"
"Vy Nguyen - Augusta University","scholarUrl"
"Vy Nguyen - Northeastern University","scholarUrl; phdYear"
"Vy Nguyen - University of Tennessee, Knoxville","scholarUrl; phdYear"
"Win PV Nguyen","scholarUrl; phdYear; undergradYear; msYear"
"Xuan Hy Le","scholarUrl; phdInstitution; phdYear"
"Xuan Thuan Trinh","scholarUrl"
"Xuan Thuy Nguyen","scholarUrl; phdYear"
"Xuan-Thao Nguyen","scholarUrl; phdInstitution; phdYear"
"XuanLong Nguyen","postdocYear"
"Xuong Nguyen-Huu","scholarUrl"
"Y Thien Nguyen","scholarUrl; phdYear"
"Yen Dang","portrait; scholarUrl"
"Yen Do","portrait; phdInstitution; phdYear"
"Yen Kim Nguyen","scholarUrl; phdInstitution"
"Yen Le Espiritu","scholarUrl"
"Yvonne N. Bui","scholarUrl; phdYear"
